{
  "imageId": "lateral_spine",
  "metrics": {
    "T1_Slope": 2.845041078784019,
    "Thoracic_Kyphosis_T2_T5": 1.6467943355348882,
    "Thoracic_Kyphosis_T5_T12": 14.544773687869483,
    "Lumbar_Lordosis": 10.935807906272197,
    "Lumbar_Lordosis_L1_L4": 8.148744578134533,
    "Lumbar_Lordosis_L4_S1": 21.444725864274027,
    "SVA": 268.1448257267475,
    "TPA": 3.010985530304812,
    "PI": 192.75266423397306,
    "PT": 78.30290753767994,
    "SS": 24.449756696293125
  }
}